12703	Astrella
3813	Avia NX Compact DPSS
3	Azure
4933	Chameleon
22743	CO2 Slab Laser
13	ColdRay
83	Compass
23623	COMPex
12053	Conduction Cooled Package
10713	Corelase
93	CUBE
10593	DF Series
10103	DFG 9800/9850
213	Diamond C-Series / CX Series
3673	DIAMOND E-Series
473	Diamond GEM-Series
3703	DIAMOND J-Series
18533	DILAS Fiber-HP-SMASMA
18423	DILAS Fibers
18463	DILAS PT-Q Fiber
14993	Diode Lasers
23443	EasyMark
12733	EnergyMax Laser Sensors
12903	EnergyMax-USB/RS Sensors
3943	ExciStar XS
23273	External Optics
18643	Fiber Amplifiers
12203	Fiber Coupled Laser Diodes
18583	Fiber Lasers
23203	Fiber Optic Cables
11823	Fidelity Femtosecond Fiber Lasers
11313	FLARE NX
12313	G-Stack Diode Lasers
513	Genesis Lasers
11623	GeoLasHD
11963	Harmonic Generator
11483	HELIOS
23803	Hidra
22703	HighLight D
22673	HighLight FL
22663	HighLight FLP
12323	Horizontal Diode Laser Arrays
4033	HYPER RAPID
4153	HyperRapid NX
23143	Incoupling Optics
4243	IndyStar
1473	Innova 300C
1613	Innova 70C
1683	Innova 90C
1533	Innova FreD
11813	Innova ICE
1593	Innova Sabre
14803	Instrument Accessories
14273	kW PowerMax-Pro Sensor
11563	LAMBDA SX
10863	Lasag
13113	Laser Beam Diagnostics
13393	Laser Power and Energy Meters
4293	LEAP
11133	Lee Lasers
10183	Legend Elite Cryo PA
10133	Legend Elite HE+
10193	Libra
11723	LineBeam
4393	LPXpro
1983	Magnum II Laser
4593	MATRIX DPSS
11413	Mephisto
23493	META
11923	META 1.5C
11953	META 10C
11933	META 2C
11943	META 4C
2083	Mini Laser
10233	Mira
11263	Monaco
20103	NuBEAM
21063	NuBEAM, NuCOMM,  NuPANDA
21073	NuBEAM, NuCOMM, NuPANDA
22553	NuBEAM, NuMATCH
20943	NuBEAM, NuPANDA, NuVIEW, NuWIRE
20953	NuBEAM, NuPANDA, NuWIRE
21153	NuBRIDGE, NuCOMM
20213	NuCOAT-FA, NuCOMM, NuEYDF
20223	NuCOAT-FA, NuEYDF
21693	NuCOAT-FA, NuEYDF, NuPANDA
21003	NuCOAT-FA, NuGYRO, NuPANDA
21263	NuCOAT-FA, NuMATCH
21523	NuCOAT-FA, NuMATCH,  NuPANDA
20073	NuCOAT-FA, NuMATCH, NuPANDA
21533	NuCOAT-FA, NuMATCH, NuPANDA, NuYDF
21403	NuCOAT-FA, NuMATCH, NuYDF
20853	NuCOAT-FA, NuPANDA
21383	NuCOAT-FA, NuPANDA, NuMATCH, NuYDF
20683	NuCOAT-FA, NuPANDA, NuYDF
22393	NuCOAT-FA, NuVIEW, NuXLMA, NuYDF
20713	NuCOAT-FA, NuYDF
21953	NuCOAT-FA,NuMATCH
21283	NuCOAT-FA,NuTDF
20083	NuCOMM
21143	NuCOMM, Beam Delivery Fibers, Laser & Amplifier Fibers, Single-Mode Fibers
20483	NuCOMM, NuBEAM
21213	NuCOMM, NuBRIDGE
21173	NuCOMM, NuEYDF
20903	NuCOMM, NuEYDF, NuPANDA
20993	NuCOMM, NuPANDA
20333	NuCOMM, NuSENSOR
21913	NuCOMM, NuSENSOR, NuVIEW
22463	NuCOMM, NuSENSOR, NuWIRE
20063	NuEYDF
21793	NuEYDF, NuMATCH, NuPANDA
20913	NuEYDF, NuPANDA
21883	NuGYRO
21043	NuGYRO, NuPANDA
20353	NuGYRO, NuSENSOR
20053	NuMATCH
21273	NuMATCH, NuPANDA
22603	NuMATCH, NuTDF
21493	NuMATCH, NuYDF
20363	NuPANDA
22343	NuPANDA, NuCOAT-FA, NuMATCH
22333	NuPANDA, NuCOAT-FA, NuMATCH, NuYDF
20093	NuPANDA, NuTDF
20933	NuPANDA, NuWIRE
20863	NuPANDA, NuYDF
22203	NuPANDA,NuCOMM
20883	NuPANDA,NuYDF
20663	NuSENSOR
22193	NuSENSOR, NuCOMM, NuVIEW
20263	NuTDF
22283	NuVIEW, NuPANDA
20273	NuWIRE
20253	NuYDF
23503	OBIS
2373	OBIS Lasers
12003	OPA 9400/9450
10353	OperA Solo
11873	Opera-F & Opera-HP
4853	Paladin
22833	PowerLine E
22773	PowerLine F
22843	PowerLine L
2973	PowerLine Laser
22903	PowerLine Pico
22873	PowerLine Prime
14383	PowerMax USB/RS Sensors
14113	PowerMax-Pro Sensor
14203	PowerMax-Pro USB/RS Sensors
10603	PRC Series
23703	Pulse Compressors
11993	Pulse PIcker
4723	RAPID
4763	RAPID NX
14693	Reduced Price Power Meter/Sensor Kits
10423	RegA
11353	Revolution
23613	Sapphire
3013	Sapphire Lasers
23403	Select
13513	Sensors - Laser Power
12413	Single Emitter Diode Lasers
4773	Staccato
23023	StarFemto FX
22953	StarFiber
23063	StarPulse
23103	StarShape
3243	StingRay and BioRay Lasers
4783	SUPER RAPID-HE
23713	Synchrolock-AP
23363	Tinsley Custom Optics
10473	TOPAS Prime
11903	Ultrafast Oscillator Accessories
12473	Unmounted Diode Laser Bars
11673	UVblade
11633	VarioLas
3493	Verdi Lasers
10543	Vitara
23753	Vitara-CEP Stabilizer
4823	VYPER
